title,date,quote_text,status,url
Nunes Marques cita dados falsos e distorcidos ao defender igrejas abertas na pandemia,"8 de abril de 2021, 19h46",Não é nos cultos e nas missas que a pandemia ganha força.,FALSO,https://www.aosfatos.org/noticias/nunes-marques-cita-dados-falsos-e-distorcidos-ao-defender-igrejas-abertas-na-pandemia/
Nunes Marques cita dados falsos e distorcidos ao defender igrejas abertas na pandemia,"8 de abril de 2021, 19h46","Sobre esses graves problemas de saúde mental, senhores ministros, tenho informações de que o número de suicídios no país está em níveis altíssimos.",INSUSTENTÁVEL,https://www.aosfatos.org/noticias/nunes-marques-cita-dados-falsos-e-distorcidos-ao-defender-igrejas-abertas-na-pandemia/
Mandetta falseia fatos sobre a sua gestão na Saúde em depoimento à CPI da Covid-19,"4 de maio de 2021, 18h10",E todos os 15 mil [respiradores encomendados na China] foram entregues,FALSO,https://www.aosfatos.org/noticias/mandetta-falseia-fatos-sobre-sua-gestao-na-saude-em-depoimento-cpi-da-covid-19/
Mandetta falseia fatos sobre a sua gestão na Saúde em depoimento à CPI da Covid-19,"4 de maio de 2021, 18h10","Máscaras. Apenas máscaras [exportamos para a Itália]. 3 milhões de máscaras. (...) Respirador, não.",FALSO,https://www.aosfatos.org/noticias/mandetta-falseia-fatos-sobre-sua-gestao-na-saude-em-depoimento-cpi-da-covid-19/
"Na CPI, Teich desinforma ao se eximir de responsabilidade sobre cloroquina","5 de maio de 2021, 17h17","Eu não participei disso [produção de cloroquina]. Se aconteceu alguma coisa, foi fora do meu conhecimento. Ali eu tinha uma posição muito clara em relação não só sobre a cloroquina, mas a qualquer medicamento. Não fui consultado [...] Do que eu vivi naquele período, a gente nem falava em cloroquina [...] Foi um assunto que não chegou a mim, a produção da cloroquina",FALSO,https://www.aosfatos.org/noticias/na-cpi-teich-desinforma-ao-se-eximir-de-responsabilidade-sobre-cloroquina/
Queiroga cita dados falsos de vacinação e exagera ao dizer que Bolsonaro apoia imunizantes,"6 de maio de 2021, 15h16",Mais de 77 milhões de doses de vacinas já foram distribuídas para secretarias estaduais e municipais.,FALSO,https://www.aosfatos.org/noticias/queiroga-cita-dados-falsos-de-vacinacao-e-exagera-ao-dizer-que-bolsonaro-apoia-imunizantes/
"Na CPI, Ernesto Araújo mente ao dizer que não provocou atritos com a China","18 de maio de 2021, 11h10",Jamais provoquei nenhum atrito com a China.,FALSO,https://www.aosfatos.org/noticias/na-cpi-ernesto-araujo-mente-ao-dizer-que-nao-provocou-atritos-com-china/
"Na CPI, Ernesto Araújo mente ao dizer que não provocou atritos com a China","18 de maio de 2021, 11h10",O Brasil foi o primeiro país que recebeu vacinas exportadas pela Índia.,FALSO,https://www.aosfatos.org/noticias/na-cpi-ernesto-araujo-mente-ao-dizer-que-nao-provocou-atritos-com-china/
"Na CPI, Ernesto Araújo mente ao dizer que não provocou atritos com a China","18 de maio de 2021, 11h10","A OMS, em certo momento, disse que o vírus não era transmissível entre humanos. Isso está documentado, se me permite citar algumas datas, em 23 de janeiro. Depois, em 4 de fevereiro, a OMS disse: ""Sim, é transmissível entre humanos"".",FALSO,https://www.aosfatos.org/noticias/na-cpi-ernesto-araujo-mente-ao-dizer-que-nao-provocou-atritos-com-china/
"Na CPI, Nise Yamaguchi defende 'tratamento precoce' com informações enganosas","1 de junho de 2021, 14h24",Eu nunca tive encontros privados com o presidente Bolsonaro.,FALSO,https://www.aosfatos.org/noticias/na-cpi-nise-yamaguchi-defende-tratamento-precoce-com-informacoes-enganosas/
"Ao defender 'tratamento precoce', Heinze falseia fatos e distorce dados na CPI da Covid-19","2 de junho de 2021, 17h06","A segunda [questão sobre a cloroquina], senador Omar, foi no seu estado, em Manaus, num hospital que acho que leva o nome da sua mãe, onde tem 22 pessoas que faleceram em cima de uma superdosagem.",FALSO,https://www.aosfatos.org/noticias/ao-defender-tratamento-precoce-heinze-falseia-fatos-e-distorce-dados-na-cpi-da-covid-19/
"De volta à CPI, Queiroga distorce dados para defender Copa América e atuação do governo","8 de junho de 2021, 15h13","Campeonato Brasileiro de futebol aconteceu com mais de cem partidas, dentro de um ambiente controlado, sem público nos estádios, e houve apenas um caso positivo [de Covid-19]...",FALSO,https://www.aosfatos.org/noticias/de-volta-cpi-queiroga-distorce-dados-para-defender-copa-america-e-atuacao-do-governo/
"De volta à CPI, Queiroga distorce dados para defender Copa América e atuação do governo","8 de junho de 2021, 15h13","O que coloca o Brasil em uma posição, que está entre os cinco países que mais doses de vacinas distribuiu com a sua população.",INSUSTENTÁVEL,https://www.aosfatos.org/noticias/de-volta-cpi-queiroga-distorce-dados-para-defender-copa-america-e-atuacao-do-governo/
"Na CPI da Covid-19, Elcio Franco contradiz ações do governo para compra de vacinas","9 de junho de 2021, 17h06",A orientação [de Bolsonaro e de Pazuello] era que nós adquiríssemos a maior quantidade de doses desde que garantida a segurança e eficácia pela Anvisa.,CONTRADITÓRIO,https://www.aosfatos.org/noticias/na-cpi-da-covid-19-elcio-franco-contradiz-acoes-do-governo-para-compra-de-vacinas/
"Na CPI da Covid-19, Elcio Franco contradiz ações do governo para compra de vacinas","9 de junho de 2021, 17h06",Hoje o Brasil figura entre os países que mais imunizaram no mundo.,IMPRECISO,https://www.aosfatos.org/noticias/na-cpi-da-covid-19-elcio-franco-contradiz-acoes-do-governo-para-compra-de-vacinas/
"Na CPI da Covid-19, Elcio Franco contradiz ações do governo para compra de vacinas","9 de junho de 2021, 17h06","Foram disponibilizados 24,5 bilhões de reais que garantiram 562 milhões de doses de vacinas até março de 2021.",IMPRECISO,https://www.aosfatos.org/noticias/na-cpi-da-covid-19-elcio-franco-contradiz-acoes-do-governo-para-compra-de-vacinas/
Osmar Terra mente à CPI ao falar de imunidade de rebanho e decisões do STF,"22 de junho de 2021, 12h09",Eu não defendo imunidade de rebanho.,FALSO,https://www.aosfatos.org/noticias/osmar-terra-mente-cpi-ao-falar-de-imunidade-de-rebanho-e-decisoes-do-stf/
"Bolsonaro promete provas de fraude, mas apresenta alegações já desmentidas sobre as urnas eletrônicas","29 de julho de 2021, 21h42","E outros [indícios de fraude] também de pessoas que, no dia das eleições, foram votar e o nome do seu candidato não apareceu na tela. Por incrível que pareça, as reclamações só tinham uma mão: queriam votar no 17 e apareciam nulo ou automaticamente o 13. Quem queria votar no 13 não aparecia 17 e nem nulo.",FALSO,https://www.aosfatos.org/noticias/bolsonaro-promete-provas-de-fraude-mas-apresenta-alegacoes-ja-desmentidas-sobre-urnas-eletronicas/
"Bolsonaro promete provas de fraude, mas apresenta alegações já desmentidas sobre as urnas eletrônicas","29 de julho de 2021, 21h42","Com 0,39% das urnas apuradas [nas eleições municipais de São Paulo], o sistema travou. Daí, nós pegamos do primeiro ao oitavo candidato mais votado. Olha, 0,39%. (...). Quando o sistema voltou a funcionar lá na frente, já com quase 100% [do resultado eleitoral] apurado, a ordem dos candidatos permaneceu exatamente a mesma.",FALSO,https://www.aosfatos.org/noticias/bolsonaro-promete-provas-de-fraude-mas-apresenta-alegacoes-ja-desmentidas-sobre-urnas-eletronicas/
"Bolsonaro promete provas de fraude, mas apresenta alegações já desmentidas sobre as urnas eletrônicas","29 de julho de 2021, 21h42","Você, em 4 horas de apuração [do segundo turno das eleições de 2014], 240 minutos [Dilma e Aécio se intercalaram na primeira posição], 240 vezes você jogar uma moeda pra cima, hora da cara, hora dá coroa, hora da cara, hora dá coroa…",FALSO,https://www.aosfatos.org/noticias/bolsonaro-promete-provas-de-fraude-mas-apresenta-alegacoes-ja-desmentidas-sobre-urnas-eletronicas/
"No Roda Viva, Doria mente ao negar declaração de que policiais iam atirar para matar","24 de agosto de 2021, 15h07",Eu não falei para atirar para matar. Eu disse que a polícia de São Paulo agiria como tem agido: com eficiência no combate à criminalidade.,FALSO,https://www.aosfatos.org/noticias/no-roda-viva-doria-mente-ao-negar-declaracao-de-que-policiais-iam-atirar-para-matar/
"No Roda Viva, Doria mente ao negar declaração de que policiais iam atirar para matar","24 de agosto de 2021, 15h07","Os dados [de eficácia da CoronaVac] não são meus nem do Butantan, são da Anvisa. Nós só reproduzimos as informações que a Anvisa forneceu.",FALSO,https://www.aosfatos.org/noticias/no-roda-viva-doria-mente-ao-negar-declaracao-de-que-policiais-iam-atirar-para-matar/
"No Roda Viva, Doria mente ao negar declaração de que policiais iam atirar para matar","24 de agosto de 2021, 15h07",São Paulo foi o primeiro estado que (...) tomou a decisão de voltar às aulas.,FALSO,https://www.aosfatos.org/noticias/no-roda-viva-doria-mente-ao-negar-declaracao-de-que-policiais-iam-atirar-para-matar/
"No Roda Viva, Doria mente ao negar declaração de que policiais iam atirar para matar","24 de agosto de 2021, 15h07",[São Paulo] foi o primeiro estado a tornar obrigatório o uso de máscara.,FALSO,https://www.aosfatos.org/noticias/no-roda-viva-doria-mente-ao-negar-declaracao-de-que-policiais-iam-atirar-para-matar/
"No Roda Viva, Doria mente ao negar declaração de que policiais iam atirar para matar","24 de agosto de 2021, 15h07","São Paulo é o estado que mais vacina, percentualmente e numericamente também.",VERDADEIRO,https://www.aosfatos.org/noticias/no-roda-viva-doria-mente-ao-negar-declaracao-de-que-policiais-iam-atirar-para-matar/
"Em discurso no 7 de Setembro, Bolsonaro repete alegações falsas para atacar adversários e eleições","7 de setembro de 2021, 17h29","As ações de alguns governadores e alguns prefeitos, que simplesmente ignoraram a nossa Constituição, em especial os incisos do artigo 5º da mesma, onde tolheram a liberdade de expressão, tolheram o direito de ir e vir, proibiram vocês de trabalhar e frequentar templos e igrejas para a sua oração.",FALSO,https://www.aosfatos.org/noticias/em-discurso-no-7-de-setembro-bolsonaro-repete-alegacoes-falsas-para-atacar-adversarios-e-eleicoes/
"Em discurso no 7 de Setembro, Bolsonaro repete alegações falsas para atacar adversários e eleições","7 de setembro de 2021, 17h29","Nós queremos umas eleições limpas, democráticas, com voto auditável e contagem pública dos votos.",FALSO,https://www.aosfatos.org/noticias/em-discurso-no-7-de-setembro-bolsonaro-repete-alegacoes-falsas-para-atacar-adversarios-e-eleicoes/
"Na CPI, Hang falseia fatos sobre Covid-19, Sete de Setembro e empréstimos do BNDES","29 de setembro de 2021, 13h21",Eu estou falando que durante o governo do PT eu não peguei nenhum empréstimo do BNDES. Comprei máquinas através do Finame.,FALSO,https://www.aosfatos.org/noticias/luciano-hang-depoimento-cpi-covid/
Fakhoury cita informações falsas ao dizer na CPI da Covid-19 que vacinas são experimentais,"30 de setembro de 2021, 19h03",....elas [vacinas contra Covid-19] ainda hoje se encontram em estágio experimental...,FALSO,https://www.aosfatos.org/noticias/fakhoury-cita-informacoes-falsas-ao-dizer-na-cpi-da-covid-19-que-vacinas-sao-experimentais/
Citados em relatório da CPI da Covid-19 deram ao menos 85 declarações enganosas à comissão,"20 de outubro de 2021, 16h23","Em momento algum, o presidente da República me orientou, ou me encaminhou, ou me deu ordem para fazer nada diferente do que eu já estava fazendo – nada, absolutamente nada. -",FALSO,https://www.aosfatos.org/noticias/citados-em-relatorio-da-cpi-da-covid-19-deram-ao-menos-85-declaracoes-enganosas-a-comissao/
Citados em relatório da CPI da Covid-19 deram ao menos 85 declarações enganosas à comissão,"20 de outubro de 2021, 16h23",Eu não recomendei o uso da cloroquina nenhuma vez - ,FALSO,https://www.aosfatos.org/noticias/citados-em-relatorio-da-cpi-da-covid-19-deram-ao-menos-85-declaracoes-enganosas-a-comissao/
"Em entrevista ao podcast Podpah, Lula erra ao citar dados sobre fome e legado do PT na economia","3 de dezembro de 2021, 18h21","Por que aqui no Brasil tem 19 milhões de pessoas passando fome, quando nós acabamos com a fome em 2012?",FALSO,https://www.aosfatos.org/noticias/checamos-lula-entrevista-podcast-podpah/
Nunes Marques cita dados falsos e distorcidos ao defender igrejas abertas na pandemia,"8 de abril de 2021, 19h46","Aliás, a chanceler da Alemanha, Angela Merkel, que anteriormente planejava adotar plano de bloqueio, publicamente admitiu que isso era um erro e assumiu responsabilidade final pela reviravolta.",IMPRECISO,https://www.aosfatos.org/noticias/nunes-marques-cita-dados-falsos-e-distorcidos-ao-defender-igrejas-abertas-na-pandemia/
Nunes Marques cita dados falsos e distorcidos ao defender igrejas abertas na pandemia,"8 de abril de 2021, 19h46","É importante mencionar que, na Europa, vive-se fase aguda da pandemia. Mesmo assim, nesta Páscoa, na Alemanha, no Reino Unido e na Holanda, os templos permaneceram abertos e a celebração de cultos foi permitida, contanto com público reduzido e a utilização de algumas medidas de prevenção, como uso de máscaras e distanciamento social.",VERDADEIRO,https://www.aosfatos.org/noticias/nunes-marques-cita-dados-falsos-e-distorcidos-ao-defender-igrejas-abertas-na-pandemia/
Mandetta falseia fatos sobre a sua gestão na Saúde em depoimento à CPI da Covid-19,"4 de maio de 2021, 18h10","Em maio, depois de eu ter saído do ministério, é que a primeira vacina começa a ter o primeiro teste em humano, que é a fase 2.",FALSO,https://www.aosfatos.org/noticias/mandetta-falseia-fatos-sobre-sua-gestao-na-saude-em-depoimento-cpi-da-covid-19/
Mandetta falseia fatos sobre a sua gestão na Saúde em depoimento à CPI da Covid-19,"4 de maio de 2021, 18h10",Nós só fizemos transmissão comunitária depois do dia 24 de março.,FALSO,https://www.aosfatos.org/noticias/mandetta-falseia-fatos-sobre-sua-gestao-na-saude-em-depoimento-cpi-da-covid-19/
Mandetta falseia fatos sobre a sua gestão na Saúde em depoimento à CPI da Covid-19,"4 de maio de 2021, 18h10","Nós combatíamos naquela época [que esteve à frente do ministério] a teoria de que cidades quentes, tropicais, não vão ter problema. Eu alertava Manaus, tinha preocupação com Cuiabá",IMPRECISO,https://www.aosfatos.org/noticias/mandetta-falseia-fatos-sobre-sua-gestao-na-saude-em-depoimento-cpi-da-covid-19/
Mandetta falseia fatos sobre a sua gestão na Saúde em depoimento à CPI da Covid-19,"4 de maio de 2021, 18h10","A única coisa em relação à cloroquina que o Ministério da Saúde fez, após a consulta ao CFM [Conselho Federal de Medicina] e aos conselheiros todos, era para o uso compassivo, quando não há outro recurso terapêutico para pacientes graves",VERDADEIRO,https://www.aosfatos.org/noticias/mandetta-falseia-fatos-sobre-sua-gestao-na-saude-em-depoimento-cpi-da-covid-19/
Mandetta falseia fatos sobre a sua gestão na Saúde em depoimento à CPI da Covid-19,"4 de maio de 2021, 18h10",Na minha época não foi oferecida [vacina],VERDADEIRO,https://www.aosfatos.org/noticias/mandetta-falseia-fatos-sobre-sua-gestao-na-saude-em-depoimento-cpi-da-covid-19/
Mandetta falseia fatos sobre a sua gestão na Saúde em depoimento à CPI da Covid-19,"4 de maio de 2021, 18h10","Nós estamos em 410 mil [óbitos por Covid-19], ele [Osmar Terra] previu 800",VERDADEIRO,https://www.aosfatos.org/noticias/mandetta-falseia-fatos-sobre-sua-gestao-na-saude-em-depoimento-cpi-da-covid-19/
"Na CPI, Teich desinforma ao se eximir de responsabilidade sobre cloroquina","5 de maio de 2021, 17h17",Em momento algum [da minha gestão] a informação [sobre a pandemia] deixou de existir.,FALSO,https://www.aosfatos.org/noticias/na-cpi-teich-desinforma-ao-se-eximir-de-responsabilidade-sobre-cloroquina/
"Na CPI, Teich desinforma ao se eximir de responsabilidade sobre cloroquina","5 de maio de 2021, 17h17","Não, recebi ordem direta [do Bolsonaro] para liberar cloroquina.",CONTRADITÓRIO,https://www.aosfatos.org/noticias/na-cpi-teich-desinforma-ao-se-eximir-de-responsabilidade-sobre-cloroquina/
"Na CPI, Teich desinforma ao se eximir de responsabilidade sobre cloroquina","5 de maio de 2021, 17h17","No meu período, não tinha uma vacina ainda sendo comercializada, era ainda o começo do processo da vacina",VERDADEIRO,https://www.aosfatos.org/noticias/na-cpi-teich-desinforma-ao-se-eximir-de-responsabilidade-sobre-cloroquina/
"Na CPI, Teich desinforma ao se eximir de responsabilidade sobre cloroquina","5 de maio de 2021, 17h17","Com ele, especificamente, não senhor [sobre reunião com Paulo Guedes]",VERDADEIRO,https://www.aosfatos.org/noticias/na-cpi-teich-desinforma-ao-se-eximir-de-responsabilidade-sobre-cloroquina/
Queiroga cita dados falsos de vacinação e exagera ao dizer que Bolsonaro apoia imunizantes,"6 de maio de 2021, 15h16","No mês de abril, houve dias que ultrapassamos a meta de 1,8 milhão de indivíduos vacinados.",FALSO,https://www.aosfatos.org/noticias/queiroga-cita-dados-falsos-de-vacinacao-e-exagera-ao-dizer-que-bolsonaro-apoia-imunizantes/
Queiroga cita dados falsos de vacinação e exagera ao dizer que Bolsonaro apoia imunizantes,"6 de maio de 2021, 15h16","Não tratei com o presidente acerca de protocolo [para Covid-19], acerca de medicamentos. Não tive nenhuma conversa dessa natureza.",FALSO,https://www.aosfatos.org/noticias/queiroga-cita-dados-falsos-de-vacinacao-e-exagera-ao-dizer-que-bolsonaro-apoia-imunizantes/
Queiroga cita dados falsos de vacinação e exagera ao dizer que Bolsonaro apoia imunizantes,"6 de maio de 2021, 15h16",Hoje estamos assistindo a uma queda do número de casos [de Covid-19].,FALSO,https://www.aosfatos.org/noticias/queiroga-cita-dados-falsos-de-vacinacao-e-exagera-ao-dizer-que-bolsonaro-apoia-imunizantes/
Queiroga cita dados falsos de vacinação e exagera ao dizer que Bolsonaro apoia imunizantes,"6 de maio de 2021, 15h16",O presidente tem apoiado a campanha de vacinação.,EXAGERADO,https://www.aosfatos.org/noticias/queiroga-cita-dados-falsos-de-vacinacao-e-exagera-ao-dizer-que-bolsonaro-apoia-imunizantes/
"Na CPI, Ernesto Araújo mente ao dizer que não provocou atritos com a China","18 de maio de 2021, 11h10","Outro índice dos bons resultados encontra-se na balança comercial, onde atingimos, em 2019, o saldo de US$35 bilhões e, em 2020, o saldo recorde de US$50 bilhões.",FALSO,https://www.aosfatos.org/noticias/na-cpi-ernesto-araujo-mente-ao-dizer-que-nao-provocou-atritos-com-china/
"Na CPI, Ernesto Araújo mente ao dizer que não provocou atritos com a China","18 de maio de 2021, 11h10",Eu sou a favor de máscara.,CONTRADITÓRIO,https://www.aosfatos.org/noticias/na-cpi-ernesto-araujo-mente-ao-dizer-que-nao-provocou-atritos-com-china/
"Na CPI, Ernesto Araújo mente ao dizer que não provocou atritos com a China","18 de maio de 2021, 11h10",Os EUA adotaram uma posição desde o começo de proibição total de exportação de vacinas para qualquer país.,EXAGERADO,https://www.aosfatos.org/noticias/na-cpi-ernesto-araujo-mente-ao-dizer-que-nao-provocou-atritos-com-china/
"Na CPI, Ernesto Araújo mente ao dizer que não provocou atritos com a China","18 de maio de 2021, 11h10","Como eu procurei explicar, não temos nada contra o sistema multilateral.",IMPRECISO,https://www.aosfatos.org/noticias/na-cpi-ernesto-araujo-mente-ao-dizer-que-nao-provocou-atritos-com-china/
"Na CPI, Ernesto Araújo mente ao dizer que não provocou atritos com a China","18 de maio de 2021, 11h10","Manifestamos desde junho de 2020 a intenção de aderir ao consórcio Covax, da OMS, tão logo essa iniciativa foi definida e dela participamos ativamente desde então.",IMPRECISO,https://www.aosfatos.org/noticias/na-cpi-ernesto-araujo-mente-ao-dizer-que-nao-provocou-atritos-com-china/
"Na CPI, Ernesto Araújo mente ao dizer que não provocou atritos com a China","18 de maio de 2021, 11h10",O Itamaraty executou a repatriação de mais de 38 mil brasileiros.,VERDADEIRO,https://www.aosfatos.org/noticias/na-cpi-ernesto-araujo-mente-ao-dizer-que-nao-provocou-atritos-com-china/
"Na CPI, Nise Yamaguchi defende 'tratamento precoce' com informações enganosas","1 de junho de 2021, 14h24","Agora, a questão da eficiência desses medicamentos [do 'tratamento precoce']... Por exemplo, no Amapá, nós temos um dos menores índices do mundo de mortalidade. Exatamente eles utilizam essas medidas conjuntas.",FALSO,https://www.aosfatos.org/noticias/na-cpi-nise-yamaguchi-defende-tratamento-precoce-com-informacoes-enganosas/
"Na CPI, Nise Yamaguchi defende 'tratamento precoce' com informações enganosas","1 de junho de 2021, 14h24",Esse dado [de que 84% das pessoas que foram parar nos hospitais estavam em isolamento] foi dado pelo governador de Nova York. Eles fizeram um estudo mostrando que os pacientes vinham de casa e que o lockdown somente não resolveria o problema.,FALSO,https://www.aosfatos.org/noticias/na-cpi-nise-yamaguchi-defende-tratamento-precoce-com-informacoes-enganosas/
"Na CPI, Nise Yamaguchi defende 'tratamento precoce' com informações enganosas","1 de junho de 2021, 14h24","Aqui, nós temos o México [que recomenda hoje o uso da hidroxicloroquina]...",FALSO,https://www.aosfatos.org/noticias/na-cpi-nise-yamaguchi-defende-tratamento-precoce-com-informacoes-enganosas/
"Na CPI, Nise Yamaguchi defende 'tratamento precoce' com informações enganosas","1 de junho de 2021, 14h24","E, certamente, a questão das estatísticas que os estudos têm demonstrado de benefícios do tratamento precoce, nos diversos estudos já aqui bem caracterizados, inclusive nas metanálises, faz com que, ao se utilizar esses medicamentos, a gente tenha uma diminuição significativa do número de mortos e do número de pacientes graves.",FALSO,https://www.aosfatos.org/noticias/na-cpi-nise-yamaguchi-defende-tratamento-precoce-com-informacoes-enganosas/
"Na CPI, Nise Yamaguchi defende 'tratamento precoce' com informações enganosas","1 de junho de 2021, 14h24",Houve um anúncio inclusive das universidades europeias de que nós teríamos milhões de mortes até abril do ano passado.,FALSO,https://www.aosfatos.org/noticias/na-cpi-nise-yamaguchi-defende-tratamento-precoce-com-informacoes-enganosas/
"Na CPI, Nise Yamaguchi defende 'tratamento precoce' com informações enganosas","1 de junho de 2021, 14h24",Eu fiz parte da criação do comitê de crise [da gripe H1N1].,FALSO,https://www.aosfatos.org/noticias/na-cpi-nise-yamaguchi-defende-tratamento-precoce-com-informacoes-enganosas/
"Na CPI, Nise Yamaguchi defende 'tratamento precoce' com informações enganosas","1 de junho de 2021, 14h24","Então, a gente tem realmente uma eficácia comprovada [da hidroxicloroquina], através da Henry Ford Foundation",FALSO,https://www.aosfatos.org/noticias/na-cpi-nise-yamaguchi-defende-tratamento-precoce-com-informacoes-enganosas/
"Ao defender 'tratamento precoce', Heinze falseia fatos e distorce dados na CPI da Covid-19","2 de junho de 2021, 17h06","Sabe qual é a letalidade, hoje, no Estado do Amapá? É de 1,5. Sabe qual é a letalidade no Amazonas? É de 3,4. Em São Paulo, é de 3,4. A do Rio de Janeiro – pasmem! – é de 5,9. É de 1,4... E [no estado do Amapá] adotam esse procedimento [""tratamento precoce""]. Adotam esse procedimento!",FALSO,https://www.aosfatos.org/noticias/ao-defender-tratamento-precoce-heinze-falseia-fatos-e-distorce-dados-na-cpi-da-covid-19/
"Ao defender 'tratamento precoce', Heinze falseia fatos e distorce dados na CPI da Covid-19","2 de junho de 2021, 17h06","Aqui está, para quem quiser ver, a retratação da revista Lancet nesse processo. Então, nesse sentido, são casos gravíssimos e isso acaba tirando fora do processo um produto sério [cloroquina].",FALSO,https://www.aosfatos.org/noticias/ao-defender-tratamento-precoce-heinze-falseia-fatos-e-distorce-dados-na-cpi-da-covid-19/
"Ao defender 'tratamento precoce', Heinze falseia fatos e distorce dados na CPI da Covid-19","2 de junho de 2021, 17h06",A Pfizer já está registrando um produto para substituir a cloroquina.,FALSO,https://www.aosfatos.org/noticias/ao-defender-tratamento-precoce-heinze-falseia-fatos-e-distorce-dados-na-cpi-da-covid-19/
"Ao defender 'tratamento precoce', Heinze falseia fatos e distorce dados na CPI da Covid-19","2 de junho de 2021, 17h06",Algum colega falou que não tinha recomendação para vírus. Está aqui. Chikungunya é um vírus. Trata com o quê? Cloroquina.,FALSO,https://www.aosfatos.org/noticias/ao-defender-tratamento-precoce-heinze-falseia-fatos-e-distorce-dados-na-cpi-da-covid-19/
"Ao defender 'tratamento precoce', Heinze falseia fatos e distorce dados na CPI da Covid-19","2 de junho de 2021, 17h06","Um cientista brasileiro, médico de uma universidade na Califórnia, descobriu a cura do zika vírus com cloroquina. É um vírus. É um cientista brasileiro que está nos Estados Unidos.",FALSO,https://www.aosfatos.org/noticias/ao-defender-tratamento-precoce-heinze-falseia-fatos-e-distorce-dados-na-cpi-da-covid-19/
"Ao defender 'tratamento precoce', Heinze falseia fatos e distorce dados na CPI da Covid-19","2 de junho de 2021, 17h06","Tivemos ensaios positivos de uso precoce da hidroxicloroquina, não apenas observacionais (...), como também de um estudo randomizado duplo cego, como o ensaio do pesquisador Boulware, com resultados que mostram benefícios da droga.",FALSO,https://www.aosfatos.org/noticias/ao-defender-tratamento-precoce-heinze-falseia-fatos-e-distorce-dados-na-cpi-da-covid-19/
"Ao defender 'tratamento precoce', Heinze falseia fatos e distorce dados na CPI da Covid-19","2 de junho de 2021, 17h06","O Brasil hoje está na frente da Inglaterra em número de vacinas aplicadas, é o quarto país.",IMPRECISO,https://www.aosfatos.org/noticias/ao-defender-tratamento-precoce-heinze-falseia-fatos-e-distorce-dados-na-cpi-da-covid-19/
"De volta à CPI, Queiroga distorce dados para defender Copa América e atuação do governo","8 de junho de 2021, 15h13","O Brasil, no ranking mundial do Our World in Data, é o terceiro país que mais aplicou a primeira dose de vacina. EUA, Índia e Brasil.",IMPRECISO,https://www.aosfatos.org/noticias/de-volta-cpi-queiroga-distorce-dados-para-defender-copa-america-e-atuacao-do-governo/
"De volta à CPI, Queiroga distorce dados para defender Copa América e atuação do governo","8 de junho de 2021, 15h13",82% dos indígenas tomaram a primeira dose e 71% dos indígenas tomaram a segunda dose. Aqui me refiro aos indígenas aldeados.,VERDADEIRO,https://www.aosfatos.org/noticias/de-volta-cpi-queiroga-distorce-dados-para-defender-copa-america-e-atuacao-do-governo/
"Na CPI da Covid-19, Elcio Franco contradiz ações do governo para compra de vacinas","9 de junho de 2021, 17h06",Distribuímos 17.888 ventiladores pulmonares...,VERDADEIRO,https://www.aosfatos.org/noticias/na-cpi-da-covid-19-elcio-franco-contradiz-acoes-do-governo-para-compra-de-vacinas/
"Ao atacar vacina chinesa, Bolsonaro distorce fatos e cita informação falsa","21 de outubro de 2020, 19h44","
",FALSO,https://www.aosfatos.org/noticias/ao-atacar-vacina-chinesa-bolsonaro-distorce-fatos-e-cita-informacao-falsa/
As checagens do debate da TV Cultura com os candidatos à Prefeitura de São Paulo,"12 de novembro de 2020, 19h00","
",FALSO,https://www.aosfatos.org/noticias/checagens-do-debate-da-tv-cultura-com-os-candidatos-prefeitura-de-sao-paulo/
Osmar Terra mente à CPI ao falar de imunidade de rebanho e decisões do STF,"22 de junho de 2021, 12h09","O presidente nosso não teve poder de decidir nada, ele não teve caneta na mão.",FALSO,https://www.aosfatos.org/noticias/osmar-terra-mente-cpi-ao-falar-de-imunidade-de-rebanho-e-decisoes-do-stf/
Osmar Terra mente à CPI ao falar de imunidade de rebanho e decisões do STF,"22 de junho de 2021, 12h09",O Brasil é recordista mundial de tempo sem aula presencial.,FALSO,https://www.aosfatos.org/noticias/osmar-terra-mente-cpi-ao-falar-de-imunidade-de-rebanho-e-decisoes-do-stf/
Osmar Terra mente à CPI ao falar de imunidade de rebanho e decisões do STF,"22 de junho de 2021, 12h09","Nenhum lockdown conseguiu controlar nada. O exemplo é Araraquara, que está aí no terceiro lockdown e tem praticamente o mesmo número de casos que Chapecó, que não fechou mais e tem a mesma população.",FALSO,https://www.aosfatos.org/noticias/osmar-terra-mente-cpi-ao-falar-de-imunidade-de-rebanho-e-decisoes-do-stf/
Osmar Terra mente à CPI ao falar de imunidade de rebanho e decisões do STF,"22 de junho de 2021, 12h09","[Rio Grande do Sul] é um estado que, junto com São Paulo, se fossem países separados, estariam em terceiro lugar, no mundo, em mortes.",FALSO,https://www.aosfatos.org/noticias/osmar-terra-mente-cpi-ao-falar-de-imunidade-de-rebanho-e-decisoes-do-stf/
Osmar Terra mente à CPI ao falar de imunidade de rebanho e decisões do STF,"22 de junho de 2021, 12h09",Não tem nenhum trabalho científico publicado mostrando que quarentena e isolamento funcionam.,FALSO,https://www.aosfatos.org/noticias/osmar-terra-mente-cpi-ao-falar-de-imunidade-de-rebanho-e-decisoes-do-stf/
Osmar Terra mente à CPI ao falar de imunidade de rebanho e decisões do STF,"22 de junho de 2021, 12h09","(...) quando surgiu a vacina do H1N1, que foi seis meses depois que terminou a pandemia.",FALSO,https://www.aosfatos.org/noticias/osmar-terra-mente-cpi-ao-falar-de-imunidade-de-rebanho-e-decisoes-do-stf/
Osmar Terra mente à CPI ao falar de imunidade de rebanho e decisões do STF,"22 de junho de 2021, 12h09","Olhe essa curva aqui do Amazonas. O Amazonas ficou seis meses praticamente sem vírus, sem epidemia.",FALSO,https://www.aosfatos.org/noticias/osmar-terra-mente-cpi-ao-falar-de-imunidade-de-rebanho-e-decisoes-do-stf/
Wajngarten se defende na CPI da Covid com informações falsas sobre vacina e distanciamento,"12 de maio de 2021, 13h20","
",FALSO,https://www.aosfatos.org/noticias/wajngarten-se-defende-na-cpi-da-covid-com-informacoes-falsas-sobre-vacina-e-distanciamento/
Checamos o debate da Band com Paes e Crivella,"19 de novembro de 2020, 14h30","
",FALSO,https://www.aosfatos.org/noticias/checamos-o-debate-da-band-com-paes-e-crivella/
Checamos o debate da Band com Covas e Boulos,"19 de novembro de 2020, 14h37","
",FALSO,https://www.aosfatos.org/noticias/checamos-o-debate-da-band-com-covas-e-boulos/
Checamos as declarações de Covas e Boulos no Roda Viva,"23 de novembro de 2020, 21h28","
",FALSO,https://www.aosfatos.org/noticias/checamos-declaracoes-de-covas-e-boulos-no-roda-viva/
Checamos o debate da TV Globo com Paes e Crivella,"27 de novembro de 2020, 14h39","
",FALSO,https://www.aosfatos.org/noticias/checamos-o-debate-da-globo-com-paes-e-crivella/
Todas as declarações checadas de Paes e Crivella,"28 de novembro de 2020, 14h31","
",FALSO,https://www.aosfatos.org/noticias/veja-todas-falas-checadas-de-paes-e-crivella/
Checamos o que disse Lula em discurso após decisão que anulou suas condenações,"10 de março de 2021, 15h52",Vocês nunca ouviram da minha boca falar em privatização.,FALSO,https://www.aosfatos.org/noticias/checamos-o-que-disse-lula-em-discurso-apos-decisao-que-anulou-suas-condenacoes/
Pazuello mente à CPI ao dizer que Bolsonaro não interferiu no Ministério da Saúde,"19 de maio de 2021, 12h07","Em momento algum, o Presidente da República me orientou, ou me encaminhou, ou me deu ordem para fazer nada diferente do que eu já estava fazendo – nada, absolutamente nada.",FALSO,https://www.aosfatos.org/noticias/pazuello-mente-cpi-ao-dizer-que-bolsonaro-nao-interferiu-no-ministerio-da-saude/
"Bolsonaro promete provas de fraude, mas apresenta alegações já desmentidas sobre as urnas eletrônicas","29 de julho de 2021, 21h42","Agora, quem não quer mudar o sistema é porque tem certeza que o voto não auditável servirá para eleger quem não tem voto",FALSO,https://www.aosfatos.org/noticias/bolsonaro-promete-provas-de-fraude-mas-apresenta-alegacoes-ja-desmentidas-sobre-urnas-eletronicas/
"Bolsonaro promete provas de fraude, mas apresenta alegações já desmentidas sobre as urnas eletrônicas","29 de julho de 2021, 21h42","Mas a tecnologia da mesma [urna eletrônica], a sua segurança, quase nada mudou de lá [dos anos 1990] para cá.",FALSO,https://www.aosfatos.org/noticias/bolsonaro-promete-provas-de-fraude-mas-apresenta-alegacoes-ja-desmentidas-sobre-urnas-eletronicas/
"Bolsonaro promete provas de fraude, mas apresenta alegações já desmentidas sobre as urnas eletrônicas","29 de julho de 2021, 21h42",Por que tem um hacker preso que entrou nos computadores do TSE...,IMPRECISO,https://www.aosfatos.org/noticias/bolsonaro-promete-provas-de-fraude-mas-apresenta-alegacoes-ja-desmentidas-sobre-urnas-eletronicas/
Mayra Pinheiro usa informações falsas para defender cloroquina na CPI,"25 de maio de 2021, 13h37","O Ministério da Saúde nunca indicou tratamentos para a Covid-19. O Ministério da Saúde criou um documento juridicamente perfeito que é a Nota Orientativa nº 9, que depois se transformou na Nota Orientativa nº 17, onde nós estabelecemos doses seguras para que os médicos brasileiros, no exercício da sua autonomia, pudessem utilizar esses medicamentos com o consentimento dos seus pacientes e de acordo com o seu livre arbítrio.",FALSO,https://www.aosfatos.org/noticias/mayra-pinheiro-usa-informacoes-falsas-para-defender-cloroquina-na-cpi/
"Em discurso no 7 de Setembro, Bolsonaro repete alegações falsas para atacar adversários e eleições","7 de setembro de 2021, 17h29",Não podemos admitir um sistema eleitoral que não oferece qualquer segurança por ocasião das eleições.,FALSO,https://www.aosfatos.org/noticias/em-discurso-no-7-de-setembro-bolsonaro-repete-alegacoes-falsas-para-atacar-adversarios-e-eleicoes/
"Em discurso no 7 de Setembro, Bolsonaro repete alegações falsas para atacar adversários e eleições","7 de setembro de 2021, 17h29",Como agora há pouco interceptou um cidadão americano para ser inquirido sobre atos antidemocráticos.,VERDADEIRO,https://www.aosfatos.org/noticias/em-discurso-no-7-de-setembro-bolsonaro-repete-alegacoes-falsas-para-atacar-adversarios-e-eleicoes/
"Em discurso no 7 de Setembro, Bolsonaro repete alegações falsas para atacar adversários e eleições","7 de setembro de 2021, 17h29",Sofremos consequências de falta d’água. Sofremos consequências de geadas pelo Brasil.,VERDADEIRO,https://www.aosfatos.org/noticias/em-discurso-no-7-de-setembro-bolsonaro-repete-alegacoes-falsas-para-atacar-adversarios-e-eleicoes/
"Na CPI, Hang falseia fatos sobre Covid-19, Sete de Setembro e empréstimos do BNDES","29 de setembro de 2021, 13h21",Jamais eu iria forçar meu funcionário a votar em alguém.,FALSO,https://www.aosfatos.org/noticias/luciano-hang-depoimento-cpi-covid/
"Na CPI, Hang falseia fatos sobre Covid-19, Sete de Setembro e empréstimos do BNDES","29 de setembro de 2021, 13h21",[Sete de Setembro] … onde houve a maior manifestação da história do Brasil.,FALSO,https://www.aosfatos.org/noticias/luciano-hang-depoimento-cpi-covid/
"Na CPI, Hang falseia fatos sobre Covid-19, Sete de Setembro e empréstimos do BNDES","29 de setembro de 2021, 13h21",Nunca neguei ou duvidei da doença [Covid-19].,EXAGERADO,https://www.aosfatos.org/noticias/luciano-hang-depoimento-cpi-covid/
"Na CPI, Hang falseia fatos sobre Covid-19, Sete de Setembro e empréstimos do BNDES","29 de setembro de 2021, 13h21",Eu não sou e nunca fui contra a vacina.,IMPRECISO,https://www.aosfatos.org/noticias/luciano-hang-depoimento-cpi-covid/
"Na CPI, Hang falseia fatos sobre Covid-19, Sete de Setembro e empréstimos do BNDES","29 de setembro de 2021, 13h21",Eu mandei 200 cilindros de oxigênio para Manaus,VERDADEIRO,https://www.aosfatos.org/noticias/luciano-hang-depoimento-cpi-covid/
Fakhoury cita informações falsas ao dizer na CPI da Covid-19 que vacinas são experimentais,"30 de setembro de 2021, 19h03","...no email do Dr. Fauci, a maior sumidade americana, ele revelou que as máscaras não têm essa eficiência. Elas são eficientes para quem está com Covid; para os outros, elas não têm eficiência de proteger do vírus.",IMPRECISO,https://www.aosfatos.org/noticias/fakhoury-cita-informacoes-falsas-ao-dizer-na-cpi-da-covid-19-que-vacinas-sao-experimentais/
Citados em relatório da CPI da Covid-19 deram ao menos 85 declarações enganosas à comissão,"20 de outubro de 2021, 16h23","Não tratei com o presidente acerca de protocolo [para Covid-19], acerca de medicamentos. Não tive nenhuma conversa dessa natureza. - ",FALSO,https://www.aosfatos.org/noticias/citados-em-relatorio-da-cpi-da-covid-19-deram-ao-menos-85-declaracoes-enganosas-a-comissao/
Citados em relatório da CPI da Covid-19 deram ao menos 85 declarações enganosas à comissão,"20 de outubro de 2021, 16h23",O presidente tem apoiado a campanha de vacinação. - ,EXAGERADO,https://www.aosfatos.org/noticias/citados-em-relatorio-da-cpi-da-covid-19-deram-ao-menos-85-declaracoes-enganosas-a-comissao/
Citados em relatório da CPI da Covid-19 deram ao menos 85 declarações enganosas à comissão,"20 de outubro de 2021, 16h23",Ele não foi colocado no ar [o TrateCov]. Foi apresentada uma versão prototípica dele. . - ,FALSO,https://www.aosfatos.org/noticias/citados-em-relatorio-da-cpi-da-covid-19-deram-ao-menos-85-declaracoes-enganosas-a-comissao/
Citados em relatório da CPI da Covid-19 deram ao menos 85 declarações enganosas à comissão,"20 de outubro de 2021, 16h23",Jamais provoquei nenhum atrito com a China - ,FALSO,https://www.aosfatos.org/noticias/citados-em-relatorio-da-cpi-da-covid-19-deram-ao-menos-85-declaracoes-enganosas-a-comissao/
Citados em relatório da CPI da Covid-19 deram ao menos 85 declarações enganosas à comissão,"20 de outubro de 2021, 16h23","[A veiculação da campanha 'O Brasil não pode parar' foi] exatamente nesse período, era o mês de março [de 2020], mês em que eu estava totalmente ausente da Secom, desde o começo. -",FALSO,https://www.aosfatos.org/noticias/citados-em-relatorio-da-cpi-da-covid-19-deram-ao-menos-85-declaracoes-enganosas-a-comissao/
Citados em relatório da CPI da Covid-19 deram ao menos 85 declarações enganosas à comissão,"20 de outubro de 2021, 16h23","E, certamente, a questão das estatísticas que os estudos têm demonstrado de benefícios do tratamento precoce, nos diversos estudos já aqui bem caracterizados, inclusive nas metanálises, faz com que, ao se utilizar esses medicamentos, a gente tenha uma diminuição significativa do número de mortos e do número de pacientes graves - ",FALSO,https://www.aosfatos.org/noticias/citados-em-relatorio-da-cpi-da-covid-19-deram-ao-menos-85-declaracoes-enganosas-a-comissao/
"Em entrevista ao podcast Podpah, Lula erra ao citar dados sobre fome e legado do PT na economia","3 de dezembro de 2021, 18h21",Eu fui o único presidente do Brasil que fui convidado para participar de todas as reuniões do G8,FALSO,https://www.aosfatos.org/noticias/checamos-lula-entrevista-podcast-podpah/
"Em entrevista ao podcast Podpah, Lula erra ao citar dados sobre fome e legado do PT na economia","3 de dezembro de 2021, 18h21","Em 2014, quando a Dilma deixou o governo, o desemprego estava 4,7%.",FALSO,https://www.aosfatos.org/noticias/checamos-lula-entrevista-podcast-podpah/
"Em entrevista ao podcast Podpah, Lula erra ao citar dados sobre fome e legado do PT na economia","3 de dezembro de 2021, 18h21",Porque no nosso governo [a gasolina] não aumentava.,FALSO,https://www.aosfatos.org/noticias/checamos-lula-entrevista-podcast-podpah/
"Em entrevista ao podcast Podpah, Lula erra ao citar dados sobre fome e legado do PT na economia","3 de dezembro de 2021, 18h21","Eu tenho orgulho, porque veja: eu sou o único presidente da história desse país que não tem diploma universitário.",FALSO,https://www.aosfatos.org/noticias/checamos-lula-entrevista-podcast-podpah/
"Em entrevista ao podcast Podpah, Lula erra ao citar dados sobre fome e legado do PT na economia","3 de dezembro de 2021, 18h21","Quando eu estava no governo, o Brasil era a sexta economia do mundo.",FALSO,https://www.aosfatos.org/noticias/checamos-lula-entrevista-podcast-podpah/
"Em entrevista ao podcast Podpah, Lula erra ao citar dados sobre fome e legado do PT na economia","3 de dezembro de 2021, 18h21",A mulher [no Brasil] só foi ter o seu primeiro voto em 1934 porque ganhou na Justiça.,IMPRECISO,https://www.aosfatos.org/noticias/checamos-lula-entrevista-podcast-podpah/
"Em reunião ministerial, Bolsonaro falseia dado de desemprego e se contradiz sobre interferência no governo","22 de maio de 2020, 21h46","
",FALSO,https://www.aosfatos.org/noticias/em-reuniao-ministerial-bolsonaro-falseia-dado-de-desemprego-e-se-contradiz-sobre-interferencia-no-governo/
"No Roda Viva, Moro distorce fatos ao comentar relação de Bolsonaro com imprensa e Polícia Federal","21 de janeiro de 2020, 17h57","
",FALSO,https://www.aosfatos.org/noticias/no-roda-viva-moro-distorce-fatos-ao-comentar-relacao-de-bolsonaro-com-imprensa-e-policia-federal/
Bolsonaro nega orientações da ciência e distorce informações para minimizar pandemia,"24 de março de 2020, 20h25","
",FALSO,https://www.aosfatos.org/noticias/bolsonaro-nega-orientacoes-da-ciencia-e-distorce-informacoes-para-minimizar-pandemia/
"As declarações dos candidatos à Prefeitura do Rio, checadas","14 de novembro de 2020, 15h33","
",FALSO,https://www.aosfatos.org/noticias/declaracoes-candidatos-prefeitura-rio-checadas/
Ações do governo sobre 'tratamento precoce' e transparência contradizem Pazuello na CPI,"20 de maio de 2021, 13h29","Ele [hacker] pegou esse diagnóstico, botou, alterou, com dados lá dentro, e colocou na rede pública [o aplicativo TrateCov].",FALSO,https://www.aosfatos.org/noticias/acoes-do-governo-sobre-tratamento-precoce-e-transparencia-contradizem-pazuello-na-cpi/
Queiroga cita dados falsos de vacinação e exagera ao dizer que Bolsonaro apoia imunizantes,"6 de maio de 2021, 15h16",(...) o que faz do Brasil o quinto país que mais distribui doses de vacinas.,INSUSTENTÁVEL,https://www.aosfatos.org/noticias/queiroga-cita-dados-falsos-de-vacinacao-e-exagera-ao-dizer-que-bolsonaro-apoia-imunizantes/
Queiroga cita dados falsos de vacinação e exagera ao dizer que Bolsonaro apoia imunizantes,"6 de maio de 2021, 15h16",Eu não autorizei distribuição de cloroquina na minha gestão. Eu não tenho conhecimento que esteja havendo distribuição [cloroquina].,IMPRECISO,https://www.aosfatos.org/noticias/queiroga-cita-dados-falsos-de-vacinacao-e-exagera-ao-dizer-que-bolsonaro-apoia-imunizantes/
Queiroga cita dados falsos de vacinação e exagera ao dizer que Bolsonaro apoia imunizantes,"6 de maio de 2021, 15h16","85% da população quer receber a vacina, mostra uma pesquisa.",VERDADEIRO,https://www.aosfatos.org/noticias/queiroga-cita-dados-falsos-de-vacinacao-e-exagera-ao-dizer-que-bolsonaro-apoia-imunizantes/
Queiroga cita dados falsos de vacinação e exagera ao dizer que Bolsonaro apoia imunizantes,"6 de maio de 2021, 15h16","Temos 17,1% da população [do grupo prioritário no Programa Nacional de Imunizações] com as duas doses.",VERDADEIRO,https://www.aosfatos.org/noticias/queiroga-cita-dados-falsos-de-vacinacao-e-exagera-ao-dizer-que-bolsonaro-apoia-imunizantes/
"Na CPI, Nise Yamaguchi defende 'tratamento precoce' com informações enganosas","1 de junho de 2021, 14h24",...temos a Venezuela [que recomenda o uso da hidroxicloroquina contra Covid-19],VERDADEIRO,https://www.aosfatos.org/noticias/na-cpi-nise-yamaguchi-defende-tratamento-precoce-com-informacoes-enganosas/
As checagens do debate da TV Cultura com os candidatos à Prefeitura de São Paulo,"12 de novembro de 2020, 19h00","
",FALSO,https://www.aosfatos.org/noticias/checagens-do-debate-da-tv-cultura-com-os-candidatos-prefeitura-de-sao-paulo/
As checagens do debate da TV Cultura com os candidatos à Prefeitura de São Paulo,"12 de novembro de 2020, 19h00","
",FALSO,https://www.aosfatos.org/noticias/checagens-do-debate-da-tv-cultura-com-os-candidatos-prefeitura-de-sao-paulo/
As checagens do debate da TV Cultura com os candidatos à Prefeitura de São Paulo,"12 de novembro de 2020, 19h00","
",FALSO,https://www.aosfatos.org/noticias/checagens-do-debate-da-tv-cultura-com-os-candidatos-prefeitura-de-sao-paulo/
As checagens do debate da TV Cultura com os candidatos à Prefeitura de São Paulo,"12 de novembro de 2020, 19h00","
",FALSO,https://www.aosfatos.org/noticias/checagens-do-debate-da-tv-cultura-com-os-candidatos-prefeitura-de-sao-paulo/
As checagens do debate da TV Cultura com os candidatos à Prefeitura de São Paulo,"12 de novembro de 2020, 19h00","
",FALSO,https://www.aosfatos.org/noticias/checagens-do-debate-da-tv-cultura-com-os-candidatos-prefeitura-de-sao-paulo/
As checagens do debate da TV Cultura com os candidatos à Prefeitura de São Paulo,"12 de novembro de 2020, 19h00","
",FALSO,https://www.aosfatos.org/noticias/checagens-do-debate-da-tv-cultura-com-os-candidatos-prefeitura-de-sao-paulo/
As checagens do debate da TV Cultura com os candidatos à Prefeitura de São Paulo,"12 de novembro de 2020, 19h00","
",FALSO,https://www.aosfatos.org/noticias/checagens-do-debate-da-tv-cultura-com-os-candidatos-prefeitura-de-sao-paulo/
As checagens do debate da TV Cultura com os candidatos à Prefeitura de São Paulo,"12 de novembro de 2020, 19h00","
",FALSO,https://www.aosfatos.org/noticias/checagens-do-debate-da-tv-cultura-com-os-candidatos-prefeitura-de-sao-paulo/
Osmar Terra mente à CPI ao falar de imunidade de rebanho e decisões do STF,"22 de junho de 2021, 12h09",A Suécia é um dos países com mais de 10 milhões de habitantes que menos mortes teve.,FALSO,https://www.aosfatos.org/noticias/osmar-terra-mente-cpi-ao-falar-de-imunidade-de-rebanho-e-decisoes-do-stf/
Osmar Terra mente à CPI ao falar de imunidade de rebanho e decisões do STF,"22 de junho de 2021, 12h09","No Rio de Janeiro, no início de junho [de 2020], não tinha ninguém nos postos de saúde nem nos hospitais com Covid; depois começou a subir de novo.",FALSO,https://www.aosfatos.org/noticias/osmar-terra-mente-cpi-ao-falar-de-imunidade-de-rebanho-e-decisoes-do-stf/
Osmar Terra mente à CPI ao falar de imunidade de rebanho e decisões do STF,"22 de junho de 2021, 12h09",Eu nunca desdenhei a vacina [contra Covid-19].,FALSO,https://www.aosfatos.org/noticias/osmar-terra-mente-cpi-ao-falar-de-imunidade-de-rebanho-e-decisoes-do-stf/
Osmar Terra mente à CPI ao falar de imunidade de rebanho e decisões do STF,"22 de junho de 2021, 12h09","O surgimento de novas variantes, que não tinha acontecido nas outras pandemias.",FALSO,https://www.aosfatos.org/noticias/osmar-terra-mente-cpi-ao-falar-de-imunidade-de-rebanho-e-decisoes-do-stf/
Osmar Terra mente à CPI ao falar de imunidade de rebanho e decisões do STF,"22 de junho de 2021, 12h09","A proposta do Imperial College, que fez essa previsão apocalíptica de que iriam morrer 40 milhões, 50 milhões, e que iria ser pior que a gripe espanhola, foi a supressão. O que é a supressão? A supressão é trancar todo mundo em casa por 18 meses – eu tenho os textos do Imperial College – até encontrar a vacina.",EXAGERADO,https://www.aosfatos.org/noticias/osmar-terra-mente-cpi-ao-falar-de-imunidade-de-rebanho-e-decisoes-do-stf/
Wajngarten se defende na CPI da Covid com informações falsas sobre vacina e distanciamento,"12 de maio de 2021, 13h20","
",FALSO,https://www.aosfatos.org/noticias/wajngarten-se-defende-na-cpi-da-covid-com-informacoes-falsas-sobre-vacina-e-distanciamento/
Wajngarten se defende na CPI da Covid com informações falsas sobre vacina e distanciamento,"12 de maio de 2021, 13h20","
",FALSO,https://www.aosfatos.org/noticias/wajngarten-se-defende-na-cpi-da-covid-com-informacoes-falsas-sobre-vacina-e-distanciamento/
Wajngarten se defende na CPI da Covid com informações falsas sobre vacina e distanciamento,"12 de maio de 2021, 13h20","
",FALSO,https://www.aosfatos.org/noticias/wajngarten-se-defende-na-cpi-da-covid-com-informacoes-falsas-sobre-vacina-e-distanciamento/
Wajngarten se defende na CPI da Covid com informações falsas sobre vacina e distanciamento,"12 de maio de 2021, 13h20","
",FALSO,https://www.aosfatos.org/noticias/wajngarten-se-defende-na-cpi-da-covid-com-informacoes-falsas-sobre-vacina-e-distanciamento/
Wajngarten se defende na CPI da Covid com informações falsas sobre vacina e distanciamento,"12 de maio de 2021, 13h20","
",FALSO,https://www.aosfatos.org/noticias/wajngarten-se-defende-na-cpi-da-covid-com-informacoes-falsas-sobre-vacina-e-distanciamento/
Checamos o debate da Band com Paes e Crivella,"19 de novembro de 2020, 14h30","
",FALSO,https://www.aosfatos.org/noticias/checamos-o-debate-da-band-com-paes-e-crivella/
Checamos o debate da Band com Covas e Boulos,"19 de novembro de 2020, 14h37","
",FALSO,https://www.aosfatos.org/noticias/checamos-o-debate-da-band-com-covas-e-boulos/
Checamos o debate da Band com Covas e Boulos,"19 de novembro de 2020, 14h37","
",FALSO,https://www.aosfatos.org/noticias/checamos-o-debate-da-band-com-covas-e-boulos/
Checamos as declarações de Covas e Boulos no Roda Viva,"23 de novembro de 2020, 21h28","
",FALSO,https://www.aosfatos.org/noticias/checamos-declaracoes-de-covas-e-boulos-no-roda-viva/
Checamos as declarações de Covas e Boulos no Roda Viva,"23 de novembro de 2020, 21h28","
",FALSO,https://www.aosfatos.org/noticias/checamos-declaracoes-de-covas-e-boulos-no-roda-viva/
Checamos o debate da TV Globo com Paes e Crivella,"27 de novembro de 2020, 14h39","
",FALSO,https://www.aosfatos.org/noticias/checamos-o-debate-da-globo-com-paes-e-crivella/
Checamos o debate da TV Globo com Paes e Crivella,"27 de novembro de 2020, 14h39","
",FALSO,https://www.aosfatos.org/noticias/checamos-o-debate-da-globo-com-paes-e-crivella/
Checamos o debate da TV Globo com Paes e Crivella,"27 de novembro de 2020, 14h39","
",FALSO,https://www.aosfatos.org/noticias/checamos-o-debate-da-globo-com-paes-e-crivella/
Checamos o debate da TV Globo com Paes e Crivella,"27 de novembro de 2020, 14h39","
",FALSO,https://www.aosfatos.org/noticias/checamos-o-debate-da-globo-com-paes-e-crivella/
Checamos o debate da TV Globo com Paes e Crivella,"27 de novembro de 2020, 14h39","
",FALSO,https://www.aosfatos.org/noticias/checamos-o-debate-da-globo-com-paes-e-crivella/
Todas as declarações checadas de Paes e Crivella,"28 de novembro de 2020, 14h31","
",FALSO,https://www.aosfatos.org/noticias/veja-todas-falas-checadas-de-paes-e-crivella/
Todas as declarações checadas de Paes e Crivella,"28 de novembro de 2020, 14h31","
",FALSO,https://www.aosfatos.org/noticias/veja-todas-falas-checadas-de-paes-e-crivella/
Todas as declarações checadas de Paes e Crivella,"28 de novembro de 2020, 14h31","
",FALSO,https://www.aosfatos.org/noticias/veja-todas-falas-checadas-de-paes-e-crivella/
Todas as declarações checadas de Paes e Crivella,"28 de novembro de 2020, 14h31","
",FALSO,https://www.aosfatos.org/noticias/veja-todas-falas-checadas-de-paes-e-crivella/
Todas as declarações checadas de Paes e Crivella,"28 de novembro de 2020, 14h31","
",FALSO,https://www.aosfatos.org/noticias/veja-todas-falas-checadas-de-paes-e-crivella/
Checamos o que disse Lula em discurso após decisão que anulou suas condenações,"10 de março de 2021, 15h52","Em 2008, a indústria automobilística vendia 4 milhões de carros, hoje, 13 anos depois, vende 2 milhões.",FALSO,https://www.aosfatos.org/noticias/checamos-o-que-disse-lula-em-discurso-apos-decisao-que-anulou-suas-condenacoes/
Checamos o que disse Lula em discurso após decisão que anulou suas condenações,"10 de março de 2021, 15h52","Esse dia chegou com o voto do Fachin, de reconhecer que nunca teve crime cometido por mim, de reconhecer que nunca teve envolvimento meu com a Petrobras.",FALSO,https://www.aosfatos.org/noticias/checamos-o-que-disse-lula-em-discurso-apos-decisao-que-anulou-suas-condenacoes/
Checamos o que disse Lula em discurso após decisão que anulou suas condenações,"10 de março de 2021, 15h52",A gente fez as nossas refinarias serem padrão mundial e a gente agora tá importando gasolina dos EUA e óleo diesel dos EUA. Não tem lógica.,FALSO,https://www.aosfatos.org/noticias/checamos-o-que-disse-lula-em-discurso-apos-decisao-que-anulou-suas-condenacoes/
Checamos o que disse Lula em discurso após decisão que anulou suas condenações,"10 de março de 2021, 15h52",Não tinha avião presidencial. Decidi comprar um avião.,FALSO,https://www.aosfatos.org/noticias/checamos-o-que-disse-lula-em-discurso-apos-decisao-que-anulou-suas-condenacoes/
Checamos o que disse Lula em discurso após decisão que anulou suas condenações,"10 de março de 2021, 15h52",Nunca teve um presidente que investisse no Exército como eu investi.,FALSO,https://www.aosfatos.org/noticias/checamos-o-que-disse-lula-em-discurso-apos-decisao-que-anulou-suas-condenacoes/
Checamos o que disse Lula em discurso após decisão que anulou suas condenações,"10 de março de 2021, 15h52",Eu fui proibido de visitar meu irmão dentro de um caixão.,VERDADEIRO,https://www.aosfatos.org/noticias/checamos-o-que-disse-lula-em-discurso-apos-decisao-que-anulou-suas-condenacoes/
Checamos o que disse Lula em discurso após decisão que anulou suas condenações,"10 de março de 2021, 15h52","No nosso governo, a Petrobras se tornou a quarta maior empresa de energia do mundo.",VERDADEIRO,https://www.aosfatos.org/noticias/checamos-o-que-disse-lula-em-discurso-apos-decisao-que-anulou-suas-condenacoes/
Checamos o que disse Lula em discurso após decisão que anulou suas condenações,"10 de março de 2021, 15h52","Eu era presidente da República, a gente vacinou 83 milhões de brasileiros [contra H1N1] em três meses.",VERDADEIRO,https://www.aosfatos.org/noticias/checamos-o-que-disse-lula-em-discurso-apos-decisao-que-anulou-suas-condenacoes/
Pazuello mente à CPI ao dizer que Bolsonaro não interferiu no Ministério da Saúde,"19 de maio de 2021, 12h07","
",FALSO,https://www.aosfatos.org/noticias/pazuello-mente-cpi-ao-dizer-que-bolsonaro-nao-interferiu-no-ministerio-da-saude/
Pazuello mente à CPI ao dizer que Bolsonaro não interferiu no Ministério da Saúde,"19 de maio de 2021, 12h07","
",FALSO,https://www.aosfatos.org/noticias/pazuello-mente-cpi-ao-dizer-que-bolsonaro-nao-interferiu-no-ministerio-da-saude/
Pazuello mente à CPI ao dizer que Bolsonaro não interferiu no Ministério da Saúde,"19 de maio de 2021, 12h07",A estratégia de testagem [de Covid-19] foi um dos pilares do combate à pandemia.,FALSO,https://www.aosfatos.org/noticias/pazuello-mente-cpi-ao-dizer-que-bolsonaro-nao-interferiu-no-ministerio-da-saude/
Pazuello mente à CPI ao dizer que Bolsonaro não interferiu no Ministério da Saúde,"19 de maio de 2021, 12h07",Eu não recomendei o uso da cloroquina nenhuma vez.,FALSO,https://www.aosfatos.org/noticias/pazuello-mente-cpi-ao-dizer-que-bolsonaro-nao-interferiu-no-ministerio-da-saude/
Pazuello mente à CPI ao dizer que Bolsonaro não interferiu no Ministério da Saúde,"19 de maio de 2021, 12h07","A distribuição de cloroquina [para povos indígenas] é normal para malária, não para Covid-19. Nós não fazíamos distribuição.",FALSO,https://www.aosfatos.org/noticias/pazuello-mente-cpi-ao-dizer-que-bolsonaro-nao-interferiu-no-ministerio-da-saude/
Pazuello mente à CPI ao dizer que Bolsonaro não interferiu no Ministério da Saúde,"19 de maio de 2021, 12h07","O aplicativo [TrateCov] (...) nunca entrou em operação, ele foi apenas apresentado o protótipo em desenvolvimento e foi copiado por alguém.",FALSO,https://www.aosfatos.org/noticias/pazuello-mente-cpi-ao-dizer-que-bolsonaro-nao-interferiu-no-ministerio-da-saude/
Pazuello mente à CPI ao dizer que Bolsonaro não interferiu no Ministério da Saúde,"19 de maio de 2021, 12h07","Então, nós usávamos as posições da OMS [sobre distanciamento social] para amparar nosso processo decisório.",FALSO,https://www.aosfatos.org/noticias/pazuello-mente-cpi-ao-dizer-que-bolsonaro-nao-interferiu-no-ministerio-da-saude/
Pazuello mente à CPI ao dizer que Bolsonaro não interferiu no Ministério da Saúde,"19 de maio de 2021, 12h07","A decisão do STF em abril de 2020 limitou ainda mais a atuação do governo federal nessas ações [de saúde no combate à pandemia]. Assim, não há possibilidade do Ministério da Saúde interferir na execução das ações sem usurpar as competências dos estados e municípios.",FALSO,https://www.aosfatos.org/noticias/pazuello-mente-cpi-ao-dizer-que-bolsonaro-nao-interferiu-no-ministerio-da-saude/
Mayra Pinheiro usa informações falsas para defender cloroquina na CPI,"25 de maio de 2021, 13h37","O tratamento [com a hidroxicloroquina] é no início da doença, na fase de replicação viral.",FALSO,https://www.aosfatos.org/noticias/mayra-pinheiro-usa-informacoes-falsas-para-defender-cloroquina-na-cpi/
Mayra Pinheiro usa informações falsas para defender cloroquina na CPI,"25 de maio de 2021, 13h37","Nós tivemos a publicação de um trabalho que foi originado de Manaus, onde 22 pacientes foram a óbito por doses tóxicas da cloroquina",FALSO,https://www.aosfatos.org/noticias/mayra-pinheiro-usa-informacoes-falsas-para-defender-cloroquina-na-cpi/
Mayra Pinheiro usa informações falsas para defender cloroquina na CPI,"25 de maio de 2021, 13h37","E esse estudo de Manaus chama a atenção, porque ele só obteve parecer do Comitê de Ética em Pesquisa depois do estudo pronto.",FALSO,https://www.aosfatos.org/noticias/mayra-pinheiro-usa-informacoes-falsas-para-defender-cloroquina-na-cpi/
Mayra Pinheiro usa informações falsas para defender cloroquina na CPI,"25 de maio de 2021, 13h37",Ele não foi colocado no ar [o TrateCov]. Foi apresentada uma versão prototípica dele.,FALSO,https://www.aosfatos.org/noticias/mayra-pinheiro-usa-informacoes-falsas-para-defender-cloroquina-na-cpi/
Mayra Pinheiro usa informações falsas para defender cloroquina na CPI,"25 de maio de 2021, 13h37","Hoje, nós já temos bastante evidência mostrando a eficácia da hidroxicloroquina, da ivermectina, da cloroquina, da colchicina.",FALSO,https://www.aosfatos.org/noticias/mayra-pinheiro-usa-informacoes-falsas-para-defender-cloroquina-na-cpi/
Mayra Pinheiro usa informações falsas para defender cloroquina na CPI,"25 de maio de 2021, 13h37","O que foi feito foi uma extração indevida [de dados da plataforma TrateCov] na madrugada do dia 20, por um jornalista.",FALSO,https://www.aosfatos.org/noticias/mayra-pinheiro-usa-informacoes-falsas-para-defender-cloroquina-na-cpi/
Mayra Pinheiro usa informações falsas para defender cloroquina na CPI,"25 de maio de 2021, 13h37","A própria Organização Mundial de Saúde, que recomendou o lockdown, hoje diz que ele pode ser responsável pela fome e pela miséria.",EXAGERADO,https://www.aosfatos.org/noticias/mayra-pinheiro-usa-informacoes-falsas-para-defender-cloroquina-na-cpi/
Mayra Pinheiro usa informações falsas para defender cloroquina na CPI,"25 de maio de 2021, 13h37","Ao longo da sua existência, a OMS já fez recomendações que são condenáveis, como, por exemplo, que mulheres portadoras de HIV amamentem seus filhos, sabendo do risco de transmissão...",IMPRECISO,https://www.aosfatos.org/noticias/mayra-pinheiro-usa-informacoes-falsas-para-defender-cloroquina-na-cpi/
"Em vídeo que motivou sua prisão, Daniel Silveira ataca STF com informações falsas","17 de fevereiro de 2021, 18h30","Você [ministro do STF Luiz Edson Fachin] era militante lá do PT, partido comunista. Você era da aliança comunista do Brasil.",FALSO,https://www.aosfatos.org/noticias/em-video-que-motivou-sua-prisao-daniel-silveira-ataca-stf-com-informacoes-falsas/
"Forças Armadas não pacificaram o país após golpe militar, como afirma ministro da Defesa","31 de março de 2021, 14h43","As Forças Armadas acabaram assumindo a responsabilidade de pacificar o País, enfrentando os desgastes para reorganizá-lo e garantir as liberdades democráticas que hoje desfrutamos.",FALSO,https://www.aosfatos.org/noticias/forcas-armadas-nao-pacificaram-o-pais-apos-golpe-militar-como-afirma-ministro-da-defesa/
Citados em relatório da CPI da Covid-19 deram ao menos 85 declarações enganosas à comissão,"20 de outubro de 2021, 16h23",Não tem nenhum trabalho científico publicado mostrando que quarentena e isolamento funcionam - ,FALSO,https://www.aosfatos.org/noticias/citados-em-relatorio-da-cpi-da-covid-19-deram-ao-menos-85-declaracoes-enganosas-a-comissao/
Citados em relatório da CPI da Covid-19 deram ao menos 85 declarações enganosas à comissão,"20 de outubro de 2021, 16h23",Nunca neguei ou duvidei da doença [Covid-19] - ,EXAGERADO,https://www.aosfatos.org/noticias/citados-em-relatorio-da-cpi-da-covid-19-deram-ao-menos-85-declaracoes-enganosas-a-comissao/
Citados em relatório da CPI da Covid-19 deram ao menos 85 declarações enganosas à comissão,"20 de outubro de 2021, 16h23",....elas [vacinas contra Covid-19] ainda hoje se encontram em estágio experimental… - ,FALSO,https://www.aosfatos.org/noticias/citados-em-relatorio-da-cpi-da-covid-19-deram-ao-menos-85-declaracoes-enganosas-a-comissao/
"Em entrevista ao podcast Podpah, Lula erra ao citar dados sobre fome e legado do PT na economia","3 de dezembro de 2021, 18h21","Quando eu cheguei na Presidência da República, a inflação estava 12%, e o desemprego estava 12%.",VERDADEIRO,https://www.aosfatos.org/noticias/checamos-lula-entrevista-podcast-podpah/
"Em reunião ministerial, Bolsonaro falseia dado de desemprego e se contradiz sobre interferência no governo","22 de maio de 2020, 21h46","
",FALSO,https://www.aosfatos.org/noticias/em-reuniao-ministerial-bolsonaro-falseia-dado-de-desemprego-e-se-contradiz-sobre-interferencia-no-governo/
Bolsonaro nega orientações da ciência e distorce informações para minimizar pandemia,"24 de março de 2020, 20h25","
",FALSO,https://www.aosfatos.org/noticias/bolsonaro-nega-orientacoes-da-ciencia-e-distorce-informacoes-para-minimizar-pandemia/
"As declarações dos candidatos à Prefeitura do Rio, checadas","14 de novembro de 2020, 15h33","
",FALSO,https://www.aosfatos.org/noticias/declaracoes-candidatos-prefeitura-rio-checadas/
"As declarações dos candidatos à Prefeitura do Rio, checadas","14 de novembro de 2020, 15h33","
",FALSO,https://www.aosfatos.org/noticias/declaracoes-candidatos-prefeitura-rio-checadas/
"As declarações dos candidatos à Prefeitura do Rio, checadas","14 de novembro de 2020, 15h33","
",FALSO,https://www.aosfatos.org/noticias/declaracoes-candidatos-prefeitura-rio-checadas/
"As declarações dos candidatos à Prefeitura do Rio, checadas","14 de novembro de 2020, 15h33","
",FALSO,https://www.aosfatos.org/noticias/declaracoes-candidatos-prefeitura-rio-checadas/
"As declarações dos candidatos à Prefeitura do Rio, checadas","14 de novembro de 2020, 15h33","
",FALSO,https://www.aosfatos.org/noticias/declaracoes-candidatos-prefeitura-rio-checadas/
"As declarações dos candidatos à Prefeitura do Rio, checadas","14 de novembro de 2020, 15h33","
",FALSO,https://www.aosfatos.org/noticias/declaracoes-candidatos-prefeitura-rio-checadas/
"As declarações dos candidatos à Prefeitura do Rio, checadas","14 de novembro de 2020, 15h33","
",FALSO,https://www.aosfatos.org/noticias/declaracoes-candidatos-prefeitura-rio-checadas/
Ações do governo sobre 'tratamento precoce' e transparência contradizem Pazuello na CPI,"20 de maio de 2021, 13h29",Nunca foi escondido [o número de óbitos de Covid-19].,FALSO,https://www.aosfatos.org/noticias/acoes-do-governo-sobre-tratamento-precoce-e-transparencia-contradizem-pazuello-na-cpi/
Ações do governo sobre 'tratamento precoce' e transparência contradizem Pazuello na CPI,"20 de maio de 2021, 13h29","As medidas de isolamento não são, também, da mesma forma que outros medicamentos, outras ações, não são cientificamente comprovadas.",FALSO,https://www.aosfatos.org/noticias/acoes-do-governo-sobre-tratamento-precoce-e-transparencia-contradizem-pazuello-na-cpi/
Ações do governo sobre 'tratamento precoce' e transparência contradizem Pazuello na CPI,"20 de maio de 2021, 13h29",Só que nós não podíamos comprar [a vacina da Pfizer] sem a autorização da lei.,FALSO,https://www.aosfatos.org/noticias/acoes-do-governo-sobre-tratamento-precoce-e-transparencia-contradizem-pazuello-na-cpi/
Ações do governo sobre 'tratamento precoce' e transparência contradizem Pazuello na CPI,"20 de maio de 2021, 13h29","Com relação ao uso de máscaras, nós tivemos vaivém do uso de máscaras durante o ano todo. Da própria OMS.",FALSO,https://www.aosfatos.org/noticias/acoes-do-governo-sobre-tratamento-precoce-e-transparencia-contradizem-pazuello-na-cpi/
Wajngarten se defende na CPI da Covid com informações falsas sobre vacina e distanciamento,"12 de maio de 2021, 13h20","
",FALSO,https://www.aosfatos.org/noticias/wajngarten-se-defende-na-cpi-da-covid-com-informacoes-falsas-sobre-vacina-e-distanciamento/
Wajngarten se defende na CPI da Covid com informações falsas sobre vacina e distanciamento,"12 de maio de 2021, 13h20","Na primeira campanha, o apresentador Otávio Mesquita, já em fevereiro, já falava de distanciamento e já falava de álcool [como medida de prevenção à Covid-19].",FALSO,https://www.aosfatos.org/noticias/wajngarten-se-defende-na-cpi-da-covid-com-informacoes-falsas-sobre-vacina-e-distanciamento/
Wajngarten se defende na CPI da Covid com informações falsas sobre vacina e distanciamento,"12 de maio de 2021, 13h20","
",FALSO,https://www.aosfatos.org/noticias/wajngarten-se-defende-na-cpi-da-covid-com-informacoes-falsas-sobre-vacina-e-distanciamento/
Wajngarten se defende na CPI da Covid com informações falsas sobre vacina e distanciamento,"12 de maio de 2021, 13h20","Quando eu fui vítima da Covid, não se falava em ficar 7 dias, 14 dias. Eu fiquei 26 dias até ter o teste negativado.",FALSO,https://www.aosfatos.org/noticias/wajngarten-se-defende-na-cpi-da-covid-com-informacoes-falsas-sobre-vacina-e-distanciamento/
Wajngarten se defende na CPI da Covid com informações falsas sobre vacina e distanciamento,"12 de maio de 2021, 13h20","
",CONTRADITÓRIO,https://www.aosfatos.org/noticias/wajngarten-se-defende-na-cpi-da-covid-com-informacoes-falsas-sobre-vacina-e-distanciamento/
Todas as declarações checadas de Paes e Crivella,"28 de novembro de 2020, 14h31","
",FALSO,https://www.aosfatos.org/noticias/veja-todas-falas-checadas-de-paes-e-crivella/
Todas as declarações checadas de Paes e Crivella,"28 de novembro de 2020, 14h31","
",FALSO,https://www.aosfatos.org/noticias/veja-todas-falas-checadas-de-paes-e-crivella/
Todas as declarações checadas de Paes e Crivella,"28 de novembro de 2020, 14h31","
",FALSO,https://www.aosfatos.org/noticias/veja-todas-falas-checadas-de-paes-e-crivella/
Todas as declarações checadas de Paes e Crivella,"28 de novembro de 2020, 14h31","
",FALSO,https://www.aosfatos.org/noticias/veja-todas-falas-checadas-de-paes-e-crivella/
Todas as declarações checadas de Paes e Crivella,"28 de novembro de 2020, 14h31","
",FALSO,https://www.aosfatos.org/noticias/veja-todas-falas-checadas-de-paes-e-crivella/
Todas as declarações checadas de Paes e Crivella,"28 de novembro de 2020, 14h31","
",FALSO,https://www.aosfatos.org/noticias/veja-todas-falas-checadas-de-paes-e-crivella/
Todas as declarações checadas de Paes e Crivella,"28 de novembro de 2020, 14h31","
",FALSO,https://www.aosfatos.org/noticias/veja-todas-falas-checadas-de-paes-e-crivella/
Pazuello mente à CPI ao dizer que Bolsonaro não interferiu no Ministério da Saúde,"19 de maio de 2021, 12h07",A cloroquina é um antiviral...,FALSO,https://www.aosfatos.org/noticias/pazuello-mente-cpi-ao-dizer-que-bolsonaro-nao-interferiu-no-ministerio-da-saude/
Pazuello mente à CPI ao dizer que Bolsonaro não interferiu no Ministério da Saúde,"19 de maio de 2021, 12h07","Em abril, eu estava em Manaus. No final de março, começo de abril, foi feito o famigerado estudo, em Manaus, com cloroquina em altas doses na fase aguda. Foram 20 mortos, 22 mortos. Foi um escândalo.",FALSO,https://www.aosfatos.org/noticias/pazuello-mente-cpi-ao-dizer-que-bolsonaro-nao-interferiu-no-ministerio-da-saude/
Pazuello mente à CPI ao dizer que Bolsonaro não interferiu no Ministério da Saúde,"19 de maio de 2021, 12h07","
",IMPRECISO,https://www.aosfatos.org/noticias/pazuello-mente-cpi-ao-dizer-que-bolsonaro-nao-interferiu-no-ministerio-da-saude/
Mayra Pinheiro usa informações falsas para defender cloroquina na CPI,"25 de maio de 2021, 13h37","Que essas medicações [hidroxicloroquina e cloroquina] têm ação antiviral? Sim, inclusive nós temos publicações científicas atestando isso desde 2005.",IMPRECISO,https://www.aosfatos.org/noticias/mayra-pinheiro-usa-informacoes-falsas-para-defender-cloroquina-na-cpi/
Mayra Pinheiro usa informações falsas para defender cloroquina na CPI,"25 de maio de 2021, 13h37",A gente [Ministério da Saúde] mantém um repositório de informações sobre as evidências que surgem todos os dias no mundo [sobre a Covid-19].,IMPRECISO,https://www.aosfatos.org/noticias/mayra-pinheiro-usa-informacoes-falsas-para-defender-cloroquina-na-cpi/
"Em vídeo que motivou sua prisão, Daniel Silveira ataca STF com informações falsas","17 de fevereiro de 2021, 18h30","[Fachin] Atacava militares junto com a Dilma [Rousseff], aquela ladra, vagabunda.",FALSO,https://www.aosfatos.org/noticias/em-video-que-motivou-sua-prisao-daniel-silveira-ataca-stf-com-informacoes-falsas/
"Em vídeo que motivou sua prisão, Daniel Silveira ataca STF com informações falsas","17 de fevereiro de 2021, 18h30","Toda hora [o ministro do STF Gilmar Mendes], vende um habeas corpus, vende sentenças, compra o cliente.",FALSO,https://www.aosfatos.org/noticias/em-video-que-motivou-sua-prisao-daniel-silveira-ataca-stf-com-informacoes-falsas/
"Em vídeo que motivou sua prisão, Daniel Silveira ataca STF com informações falsas","17 de fevereiro de 2021, 18h30","Aquilo ali [invasão do Capitólio] foi parte da população revoltada que, na minha opinião, foram infiltrados do Black Lives Matter, dos antifas, black blocs.",FALSO,https://www.aosfatos.org/noticias/em-video-que-motivou-sua-prisao-daniel-silveira-ataca-stf-com-informacoes-falsas/
"As declarações dos candidatos à Prefeitura do Rio, checadas","14 de novembro de 2020, 15h33","
",FALSO,https://www.aosfatos.org/noticias/declaracoes-candidatos-prefeitura-rio-checadas/
"As declarações dos candidatos à Prefeitura do Rio, checadas","14 de novembro de 2020, 15h33","
",FALSO,https://www.aosfatos.org/noticias/declaracoes-candidatos-prefeitura-rio-checadas/
"As declarações dos candidatos à Prefeitura do Rio, checadas","14 de novembro de 2020, 15h33","
",FALSO,https://www.aosfatos.org/noticias/declaracoes-candidatos-prefeitura-rio-checadas/
"As declarações dos candidatos à Prefeitura do Rio, checadas","14 de novembro de 2020, 15h33","
",FALSO,https://www.aosfatos.org/noticias/declaracoes-candidatos-prefeitura-rio-checadas/
"As declarações dos candidatos à Prefeitura do Rio, checadas","14 de novembro de 2020, 15h33","
",FALSO,https://www.aosfatos.org/noticias/declaracoes-candidatos-prefeitura-rio-checadas/
"As declarações dos candidatos à Prefeitura do Rio, checadas","14 de novembro de 2020, 15h33","
",FALSO,https://www.aosfatos.org/noticias/declaracoes-candidatos-prefeitura-rio-checadas/
"As declarações dos candidatos à Prefeitura do Rio, checadas","14 de novembro de 2020, 15h33","
",FALSO,https://www.aosfatos.org/noticias/declaracoes-candidatos-prefeitura-rio-checadas/
Todas as declarações checadas de Paes e Crivella,"28 de novembro de 2020, 14h31","
",FALSO,https://www.aosfatos.org/noticias/veja-todas-falas-checadas-de-paes-e-crivella/
Todas as declarações checadas de Paes e Crivella,"28 de novembro de 2020, 14h31","
",FALSO,https://www.aosfatos.org/noticias/veja-todas-falas-checadas-de-paes-e-crivella/
Todas as declarações checadas de Paes e Crivella,"28 de novembro de 2020, 14h31","
",FALSO,https://www.aosfatos.org/noticias/veja-todas-falas-checadas-de-paes-e-crivella/
Todas as declarações checadas de Paes e Crivella,"28 de novembro de 2020, 14h31","
",FALSO,https://www.aosfatos.org/noticias/veja-todas-falas-checadas-de-paes-e-crivella/
Todas as declarações checadas de Paes e Crivella,"28 de novembro de 2020, 14h31","
",FALSO,https://www.aosfatos.org/noticias/veja-todas-falas-checadas-de-paes-e-crivella/
Todas as declarações checadas de Paes e Crivella,"28 de novembro de 2020, 14h31","
",FALSO,https://www.aosfatos.org/noticias/veja-todas-falas-checadas-de-paes-e-crivella/
"Contra Moro, Bolsonaro omite pressão na PF ao afirmar que nunca pediu blindagem","24 de abril de 2020, 20h30","
",FALSO,https://www.aosfatos.org/noticias/contra-moro-bolsonaro-omite-pressao-na-pf-ao-afirmar-que-nunca-pediu-blindagem/
O que é fato e ficção no discurso de Wilson Witzel após ser afastado pelo STJ do governo do Rio,"28 de agosto de 2020, 16h27","
",FALSO,https://www.aosfatos.org/noticias/O-que-e-fato-e-ficcao-discurso-Wilson-Witzel-apos-afastado-governo-Rio/
Pazuello mente à CPI ao dizer que Bolsonaro não interferiu no Ministério da Saúde,"19 de maio de 2021, 12h07","Hoje, o Brasil figura entre os países que mais imunizaram do mundo. Ficamos apenas atrás dos EUA, China e Índia.",IMPRECISO,https://www.aosfatos.org/noticias/pazuello-mente-cpi-ao-dizer-que-bolsonaro-nao-interferiu-no-ministerio-da-saude/
"As declarações dos candidatos à Prefeitura do Rio, checadas","14 de novembro de 2020, 15h33","
",FALSO,https://www.aosfatos.org/noticias/declaracoes-candidatos-prefeitura-rio-checadas/
"As declarações dos candidatos à Prefeitura do Rio, checadas","14 de novembro de 2020, 15h33","
",FALSO,https://www.aosfatos.org/noticias/declaracoes-candidatos-prefeitura-rio-checadas/
"As declarações dos candidatos à Prefeitura do Rio, checadas","14 de novembro de 2020, 15h33","
",FALSO,https://www.aosfatos.org/noticias/declaracoes-candidatos-prefeitura-rio-checadas/
Todas as declarações checadas de Paes e Crivella,"28 de novembro de 2020, 14h31","
",FALSO,https://www.aosfatos.org/noticias/veja-todas-falas-checadas-de-paes-e-crivella/
Todas as declarações checadas de Paes e Crivella,"28 de novembro de 2020, 14h31","
",FALSO,https://www.aosfatos.org/noticias/veja-todas-falas-checadas-de-paes-e-crivella/
Todas as declarações checadas de Paes e Crivella,"28 de novembro de 2020, 14h31","
",FALSO,https://www.aosfatos.org/noticias/veja-todas-falas-checadas-de-paes-e-crivella/
Todas as declarações checadas de Paes e Crivella,"28 de novembro de 2020, 14h31","
",FALSO,https://www.aosfatos.org/noticias/veja-todas-falas-checadas-de-paes-e-crivella/
Todas as declarações checadas de Paes e Crivella,"28 de novembro de 2020, 14h31","
",FALSO,https://www.aosfatos.org/noticias/veja-todas-falas-checadas-de-paes-e-crivella/
Todas as declarações checadas de Paes e Crivella,"28 de novembro de 2020, 14h31","
",FALSO,https://www.aosfatos.org/noticias/veja-todas-falas-checadas-de-paes-e-crivella/
Todas as declarações checadas de Paes e Crivella,"28 de novembro de 2020, 14h31","
",FALSO,https://www.aosfatos.org/noticias/veja-todas-falas-checadas-de-paes-e-crivella/
Todas as declarações checadas de Paes e Crivella,"28 de novembro de 2020, 14h31","
",FALSO,https://www.aosfatos.org/noticias/veja-todas-falas-checadas-de-paes-e-crivella/
Todas as declarações checadas de Paes e Crivella,"28 de novembro de 2020, 14h31","
",FALSO,https://www.aosfatos.org/noticias/veja-todas-falas-checadas-de-paes-e-crivella/
"Contra Moro, Bolsonaro omite pressão na PF ao afirmar que nunca pediu blindagem","24 de abril de 2020, 20h30","
",FALSO,https://www.aosfatos.org/noticias/contra-moro-bolsonaro-omite-pressao-na-pf-ao-afirmar-que-nunca-pediu-blindagem/
"Contra Moro, Bolsonaro omite pressão na PF ao afirmar que nunca pediu blindagem","24 de abril de 2020, 20h30","
",FALSO,https://www.aosfatos.org/noticias/contra-moro-bolsonaro-omite-pressao-na-pf-ao-afirmar-que-nunca-pediu-blindagem/
O que é fato e ficção no discurso de Wilson Witzel após ser afastado pelo STJ do governo do Rio,"28 de agosto de 2020, 16h27","
",FALSO,https://www.aosfatos.org/noticias/O-que-e-fato-e-ficcao-discurso-Wilson-Witzel-apos-afastado-governo-Rio/
"Ao anunciar que contraiu Covid-19, Bolsonaro recorre a informações falsas sobre a pandemia","7 de julho de 2020, 18h24","
",FALSO,https://www.aosfatos.org/noticias/ao-anunciar-que-contraiu-covid-19-bolsonaro-recorre-informacoes-falsas-sobre-pandemia/
"Ao anunciar que contraiu Covid-19, Bolsonaro recorre a informações falsas sobre a pandemia","7 de julho de 2020, 18h24","
",FALSO,https://www.aosfatos.org/noticias/ao-anunciar-que-contraiu-covid-19-bolsonaro-recorre-informacoes-falsas-sobre-pandemia/
Pazuello mente sobre tratamento precoce para Covid-19; termo tem ao menos 140 menções no site da Saúde,"18 de janeiro de 2021, 19h51","
",FALSO,https://www.aosfatos.org/noticias/pazuello-engana-ao-afirmar-que-ministerio-nao-indica-drogas-sem-eficacia-comprovada-contra-covid-19/
O que Bolsonaro falou do coronavírus — e o que é fato,"16 de março de 2020, 20h25","
",FALSO,https://www.aosfatos.org/noticias/o-que-o-presidente-falou-do-coronavirus-e-o-que-e-fato/
"Ao anunciar que contraiu Covid-19, Bolsonaro recorre a informações falsas sobre a pandemia","7 de julho de 2020, 18h24","
",FALSO,https://www.aosfatos.org/noticias/ao-anunciar-que-contraiu-covid-19-bolsonaro-recorre-informacoes-falsas-sobre-pandemia/
"Ao anunciar que contraiu Covid-19, Bolsonaro recorre a informações falsas sobre a pandemia","7 de julho de 2020, 18h24","
",FALSO,https://www.aosfatos.org/noticias/ao-anunciar-que-contraiu-covid-19-bolsonaro-recorre-informacoes-falsas-sobre-pandemia/
O que Bolsonaro falou do coronavírus — e o que é fato,"16 de março de 2020, 20h25","
",FALSO,https://www.aosfatos.org/noticias/o-que-o-presidente-falou-do-coronavirus-e-o-que-e-fato/
O que Bolsonaro falou do coronavírus — e o que é fato,"16 de março de 2020, 20h25","
",FALSO,https://www.aosfatos.org/noticias/o-que-o-presidente-falou-do-coronavirus-e-o-que-e-fato/
O que Bolsonaro falou do coronavírus — e o que é fato,"16 de março de 2020, 20h25","
",FALSO,https://www.aosfatos.org/noticias/o-que-o-presidente-falou-do-coronavirus-e-o-que-e-fato/
O que Bolsonaro falou do coronavírus — e o que é fato,"16 de março de 2020, 20h25","
",FALSO,https://www.aosfatos.org/noticias/o-que-o-presidente-falou-do-coronavirus-e-o-que-e-fato/
O que Bolsonaro falou do coronavírus — e o que é fato,"16 de março de 2020, 20h25","
",FALSO,https://www.aosfatos.org/noticias/o-que-o-presidente-falou-do-coronavirus-e-o-que-e-fato/
O que Bolsonaro falou do coronavírus — e o que é fato,"16 de março de 2020, 20h25","
",FALSO,https://www.aosfatos.org/noticias/o-que-o-presidente-falou-do-coronavirus-e-o-que-e-fato/
O que Bolsonaro falou do coronavírus — e o que é fato,"16 de março de 2020, 20h25","
",FALSO,https://www.aosfatos.org/noticias/o-que-o-presidente-falou-do-coronavirus-e-o-que-e-fato/
O que Bolsonaro falou do coronavírus — e o que é fato,"16 de março de 2020, 20h25","
",FALSO,https://www.aosfatos.org/noticias/o-que-o-presidente-falou-do-coronavirus-e-o-que-e-fato/
O que Bolsonaro falou do coronavírus — e o que é fato,"16 de março de 2020, 20h25","
",FALSO,https://www.aosfatos.org/noticias/o-que-o-presidente-falou-do-coronavirus-e-o-que-e-fato/
O que Bolsonaro falou do coronavírus — e o que é fato,"16 de março de 2020, 20h25","
",FALSO,https://www.aosfatos.org/noticias/o-que-o-presidente-falou-do-coronavirus-e-o-que-e-fato/
O que Bolsonaro falou do coronavírus — e o que é fato,"16 de março de 2020, 20h25","
",FALSO,https://www.aosfatos.org/noticias/o-que-o-presidente-falou-do-coronavirus-e-o-que-e-fato/
O que Bolsonaro falou do coronavírus — e o que é fato,"16 de março de 2020, 20h25","
",FALSO,https://www.aosfatos.org/noticias/o-que-o-presidente-falou-do-coronavirus-e-o-que-e-fato/
O que Bolsonaro falou do coronavírus — e o que é fato,"16 de março de 2020, 20h25","
",FALSO,https://www.aosfatos.org/noticias/o-que-o-presidente-falou-do-coronavirus-e-o-que-e-fato/
O que Bolsonaro falou do coronavírus — e o que é fato,"16 de março de 2020, 20h25","
",FALSO,https://www.aosfatos.org/noticias/o-que-o-presidente-falou-do-coronavirus-e-o-que-e-fato/
Marcos Pontes erra ao dizer que base do Brasil na Antártida é fruto do governo Bolsonaro,"13 de janeiro de 2020, 16h17","
",FALSO,https://www.aosfatos.org/noticias/marcos-pontes-erra-ao-dizer-que-base-do-brasil-na-antartida-e-fruto-do-governo-bolsonaro/
Eduardo Bolsonaro difunde e amplifica informações falsas para atacar jornalista da ‘Folha’,"12 de fevereiro de 2020, 13h34","
",FALSO,https://www.aosfatos.org/noticias/eduardo-bolsonaro-difunde-e-amplifica-informacoes-falsas-para-atacar-jornalista-da-folha/
"Ao trocarem ataques, Paes e Crivella distorcem informações sobre legados de governo","13 de outubro de 2020, 11h15","
",FALSO,https://www.aosfatos.org/noticias/ao-trocarem-ataques-paes-e-crivella-distorcem-informacoes-sobre-legados-de-governo/
"Ao trocarem ataques, Paes e Crivella distorcem informações sobre legados de governo","13 de outubro de 2020, 11h15","
",FALSO,https://www.aosfatos.org/noticias/ao-trocarem-ataques-paes-e-crivella-distorcem-informacoes-sobre-legados-de-governo/
Checamos o que candidatos a prefeito de São Paulo disseram no início da campanha,"15 de outubro de 2020, 19h29","
",FALSO,https://www.aosfatos.org/noticias/checamos-o-que-candidatos-prefeito-de-sao-paulo-disseram-no-inicio-da-campanha/
Checamos o que candidatos a prefeito de São Paulo disseram no início da campanha,"15 de outubro de 2020, 19h29","
",FALSO,https://www.aosfatos.org/noticias/checamos-o-que-candidatos-prefeito-de-sao-paulo-disseram-no-inicio-da-campanha/
"Na TV, candidatos à prefeitura alternam fato e ficção sobre a Saúde no Rio","19 de outubro de 2020, 13h11","
",FALSO,https://www.aosfatos.org/noticias/na-tv-candidatos-prefeitura-alternam-fato-e-ficcao-sobre-saude-no-rio/
"Na TV, candidatos à prefeitura alternam fato e ficção sobre a Saúde no Rio","19 de outubro de 2020, 13h11","
",FALSO,https://www.aosfatos.org/noticias/na-tv-candidatos-prefeitura-alternam-fato-e-ficcao-sobre-saude-no-rio/
"Na reta final, candidatos em São Paulo derrapam ao falar de pandemia, habitação e creches","9 de novembro de 2020, 12h08","
",FALSO,https://www.aosfatos.org/noticias/na-reta-final-candidatos-em-sao-paulo-derrapam-ao-falar-de-pandemia-habitacao-e-creches/
"Na CNN, Covas e Boulos contrariam dados ao falar de vagas em creche e população de rua","17 de novembro de 2020, 16h32","
",FALSO,https://www.aosfatos.org/noticias/na-cnn-covas-e-boulos-contrariam-dados-ao-falar-de-vagas-em-creche-e-populacao-de-rua/
"Na TV, Boulos erra dados sobre petróleo e habitação","8 de junho de 2018, 17h10","
",VERDADEIRO,https://www.aosfatos.org/noticias/na-tv-boulos-erra-dados-sobre-petroleo-e-habitacao/
Eduardo Bolsonaro difunde e amplifica informações falsas para atacar jornalista da ‘Folha’,"12 de fevereiro de 2020, 13h34","
",FALSO,https://www.aosfatos.org/noticias/eduardo-bolsonaro-difunde-e-amplifica-informacoes-falsas-para-atacar-jornalista-da-folha/
Checamos o que candidatos a prefeito de São Paulo disseram no início da campanha,"15 de outubro de 2020, 19h29","
",FALSO,https://www.aosfatos.org/noticias/checamos-o-que-candidatos-prefeito-de-sao-paulo-disseram-no-inicio-da-campanha/
Checamos o que candidatos a prefeito de São Paulo disseram no início da campanha,"15 de outubro de 2020, 19h29","
",FALSO,https://www.aosfatos.org/noticias/checamos-o-que-candidatos-prefeito-de-sao-paulo-disseram-no-inicio-da-campanha/
"Na reta final, candidatos em São Paulo derrapam ao falar de pandemia, habitação e creches","9 de novembro de 2020, 12h08","
",FALSO,https://www.aosfatos.org/noticias/na-reta-final-candidatos-em-sao-paulo-derrapam-ao-falar-de-pandemia-habitacao-e-creches/
"Na reta final, candidatos em São Paulo derrapam ao falar de pandemia, habitação e creches","9 de novembro de 2020, 12h08","
",FALSO,https://www.aosfatos.org/noticias/na-reta-final-candidatos-em-sao-paulo-derrapam-ao-falar-de-pandemia-habitacao-e-creches/
"Na reta final, candidatos em São Paulo derrapam ao falar de pandemia, habitação e creches","9 de novembro de 2020, 12h08","
",FALSO,https://www.aosfatos.org/noticias/na-reta-final-candidatos-em-sao-paulo-derrapam-ao-falar-de-pandemia-habitacao-e-creches/
"Na reta final, candidatos em São Paulo derrapam ao falar de pandemia, habitação e creches","9 de novembro de 2020, 12h08","
",FALSO,https://www.aosfatos.org/noticias/na-reta-final-candidatos-em-sao-paulo-derrapam-ao-falar-de-pandemia-habitacao-e-creches/
"Na reta final, candidatos em São Paulo derrapam ao falar de pandemia, habitação e creches","9 de novembro de 2020, 12h08","
",FALSO,https://www.aosfatos.org/noticias/na-reta-final-candidatos-em-sao-paulo-derrapam-ao-falar-de-pandemia-habitacao-e-creches/
"Na CNN, Covas e Boulos contrariam dados ao falar de vagas em creche e população de rua","17 de novembro de 2020, 16h32","
",FALSO,https://www.aosfatos.org/noticias/na-cnn-covas-e-boulos-contrariam-dados-ao-falar-de-vagas-em-creche-e-populacao-de-rua/
"Na reta final, candidatos em São Paulo derrapam ao falar de pandemia, habitação e creches","9 de novembro de 2020, 12h08","
",FALSO,https://www.aosfatos.org/noticias/na-reta-final-candidatos-em-sao-paulo-derrapam-ao-falar-de-pandemia-habitacao-e-creches/
"Na reta final, candidatos em São Paulo derrapam ao falar de pandemia, habitação e creches","9 de novembro de 2020, 12h08","
",FALSO,https://www.aosfatos.org/noticias/na-reta-final-candidatos-em-sao-paulo-derrapam-ao-falar-de-pandemia-habitacao-e-creches/
"Na reta final, candidatos em São Paulo derrapam ao falar de pandemia, habitação e creches","9 de novembro de 2020, 12h08","
",FALSO,https://www.aosfatos.org/noticias/na-reta-final-candidatos-em-sao-paulo-derrapam-ao-falar-de-pandemia-habitacao-e-creches/
Nobel de Medicina Tasuku Honjo no dijo que China creó el nuevo coronavirus,"6 de maio de 2020, 10h24","
",FALSO,https://www.aosfatos.org/noticias/nobel-de-medicina-tasuku-honjo-no-dijo-que-china-creo-el-nuevo-coronavirus/
Las imágenes de cajones vacíos no prueban fraude en número de casos de Covid-19,"13 de maio de 2020, 18h40","
",FALSO,https://www.aosfatos.org/noticias/las-imagenes-de-cajones-vacios-no-prueban-fraude-en-numero-de-casos-de-covid-19/
Es falso que datos de reparticiones del registro civil señalan que los estados sobrenotifican muertes por Covid-19,"13 de maio de 2020, 19h39","
",FALSO,https://www.aosfatos.org/noticias/es-falso-que-datos-de-reparticiones-del-registro-civil-senalan-que-los-estados-sobrenotifican-muertes-por-covid-19/
Es falso que datos de reparticiones del registro civil señalan que los estados sobrenotifican muertes por Covid-19,"13 de maio de 2020, 19h39","
",FALSO,https://www.aosfatos.org/noticias/es-falso-que-datos-de-reparticiones-del-registro-civil-senalan-que-los-estados-sobrenotifican-muertes-por-covid-19/
Es falso que datos de reparticiones del registro civil señalan que los estados sobrenotifican muertes por Covid-19,"13 de maio de 2020, 19h39","
",FALSO,https://www.aosfatos.org/noticias/es-falso-que-datos-de-reparticiones-del-registro-civil-senalan-que-los-estados-sobrenotifican-muertes-por-covid-19/
